device_id,timestamp,co,so2,no2,pm1_0,pm2_5,pm10,temperature,humidity
node_01,2026-04-27T17:02:20,0.0,0.0,0.0,7.0,9.0,10.0,28.9,40.6
node_01,2026-04-27T17:03:22,0.0,0.0,0.0,7.0,9.0,10.0,29.0,44.0
node_01,2026-04-27T17:04:22,0.0,0.0,0.0,7.0,9.0,10.0,29.0,42.1
node_01,2026-04-27T17:05:23,0.0,0.0,0.0,7.0,9.0,10.0,29.0,41.8
node_01,2026-04-27T17:06:23,0.0,0.0,0.0,7.0,9.0,10.0,29.0,41.6
node_01,2026-04-27T17:07:29,0.0,0.0,0.0,7.0,9.0,10.0,29.0,41.5
node_01,2026-04-27T17:08:30,0.0,0.0,0.0,7.0,9.0,10.0,29.1,41.6
node_01,2026-04-27T17:09:37,0.0,0.0,0.0,7.0,9.0,10.0,29.1,41.8
node_01,2026-04-27T17:10:37,0.0,0.0,0.0,7.0,9.0,10.0,29.1,42.3
node_01,2026-04-27T17:11:38,0.0,0.0,0.0,7.0,9.0,10.0,29.1,42.6
node_01,2026-04-27T17:12:38,0.0,0.0,0.0,7.0,9.0,10.0,29.1,43.0
node_01,2026-04-27T17:13:45,0.0,0.0,0.0,7.0,9.0,10.0,29.2,43.3
node_01,2026-04-27T17:14:46,0.0,0.0,0.0,7.0,9.0,10.0,29.2,43.7
node_01,2026-04-27T17:15:53,0.0,0.0,0.0,7.0,9.0,10.0,29.2,44.0
node_01,2026-04-27T17:16:55,0.0,0.0,0.0,7.0,9.0,10.0,29.2,44.5
node_01,2026-04-27T17:17:57,0.0,0.0,0.0,7.0,9.0,10.0,29.3,44.6
node_01,2026-04-27T17:18:57,0.0,0.0,0.0,7.0,9.0,10.0,29.3,44.8
node_01,2026-04-27T17:19:57,0.0,0.0,0.0,7.0,9.0,10.0,29.3,45.0
node_01,2026-04-27T17:20:58,0.0,0.0,0.0,7.0,9.0,10.0,29.3,45.1
node_01,2026-04-27T17:21:59,0.0,0.0,0.0,7.0,9.0,10.0,29.4,45.3
node_01,2026-04-27T17:22:59,0.0,0.0,0.0,7.0,9.0,10.0,29.4,45.4
node_01,2026-04-27T17:24:00,0.0,0.0,0.0,7.0,9.0,10.0,29.4,45.4
node_01,2026-04-27T17:25:00,0.0,0.0,0.0,7.0,9.0,10.0,29.4,45.5
node_01,2026-04-27T17:26:00,0.0,0.0,0.0,7.0,9.0,10.0,29.4,45.7
node_01,2026-04-27T17:27:01,0.0,0.0,0.0,7.0,9.0,10.0,29.4,45.7
node_01,2026-04-27T17:28:07,0.0,0.0,0.0,7.0,9.0,10.0,29.4,45.7
node_01,2026-04-27T17:29:14,0.0,0.0,0.0,7.0,9.0,10.0,29.4,45.6
node_01,2026-04-27T17:30:15,0.0,0.0,0.0,7.0,9.0,10.0,29.5,45.7
node_01,2026-04-27T17:31:15,0.0,0.0,0.0,7.0,9.0,10.0,29.5,45.7
node_01,2026-04-27T17:32:15,0.0,0.0,0.0,7.0,9.0,10.0,29.5,46.0
node_01,2026-04-27T17:33:17,0.0,0.0,0.0,7.0,9.0,10.0,29.5,46.0
node_01,2026-04-27T17:34:18,0.0,0.0,0.0,7.0,9.0,10.0,29.5,46.0
node_01,2026-04-27T17:35:24,0.0,0.0,0.0,7.0,9.0,10.0,29.5,46.2
node_01,2026-04-27T17:36:25,0.0,0.0,0.0,7.0,9.0,10.0,29.5,46.2
node_01,2026-04-27T17:01:10,0.0,0.0,0.0,9.0,12.0,15.0,28.2,42.3
node_01,2026-04-27T17:02:16,2.0,0.2,0.2,8.0,11.0,12.0,28.7,41.5
node_01,2026-04-27T17:03:17,2.0,0.2,0.1,123.0,151.0,175.0,28.9,41.1
node_01,2026-04-27T17:04:17,2.0,0.6,0.3,123.0,151.0,175.0,29.0,40.6
node_01,2026-04-27T17:05:19,1.0,0.1,0.1,123.0,151.0,175.0,29.0,40.5
node_01,2026-04-27T17:06:20,1.0,0.1,0.1,123.0,151.0,175.0,29.0,40.4
node_01,2026-04-27T17:07:20,1.0,0.0,0.1,123.0,151.0,175.0,29.1,40.1
node_01,2026-04-27T17:08:23,0.0,0.0,0.0,123.0,151.0,175.0,29.0,40.2
node_01,2026-04-27T17:09:29,0.0,0.0,0.0,123.0,151.0,175.0,29.1,40.0
node_01,2026-04-27T17:10:29,0.0,0.0,0.0,123.0,151.0,175.0,29.1,40.1
node_01,2026-04-27T17:11:31,0.0,0.0,0.0,123.0,151.0,175.0,29.0,40.0
node_01,2026-04-27T17:12:31,3.0,0.4,0.3,123.0,151.0,175.0,29.1,40.1
node_01,2026-04-27T17:13:31,3.0,0.3,0.2,123.0,151.0,175.0,29.1,40.1
node_01,2026-04-27T17:14:34,2.0,0.2,0.2,123.0,151.0,175.0,29.1,40.0
node_01,2026-04-27T17:15:34,1.0,0.1,0.1,123.0,151.0,175.0,29.1,39.8
node_01,2026-04-27T17:16:39,0.0,0.0,0.1,123.0,151.0,175.0,29.1,39.6
node_01,2026-04-27T17:17:40,0.0,0.1,0.0,123.0,151.0,175.0,29.1,39.4
node_01,2026-04-27T17:18:41,0.0,0.0,0.0,123.0,151.0,175.0,29.1,39.3
node_01,2026-04-27T17:19:41,0.0,0.0,0.0,123.0,151.0,175.0,29.1,39.4
node_01,2026-04-27T17:20:45,0.0,0.0,0.0,123.0,151.0,175.0,29.1,39.2
node_01,2026-04-27T17:21:46,0.0,0.0,0.0,123.0,151.0,175.0,29.1,39.2
node_01,2026-04-27T17:22:47,0.0,0.0,0.0,123.0,151.0,175.0,29.1,39.1
node_01,2026-04-27T17:23:49,0.0,0.0,0.0,123.0,151.0,175.0,29.1,38.9
node_01,2026-04-27T17:24:50,0.0,0.0,0.0,123.0,151.0,175.0,29.1,38.7
node_01,2026-04-27T17:25:51,0.0,0.0,0.0,123.0,151.0,175.0,29.1,38.3
node_01,2026-04-27T17:26:55,0.0,0.0,0.0,123.0,151.0,175.0,29.1,38.6
node_01,2026-04-27T17:27:56,0.0,0.0,0.0,123.0,151.0,175.0,29.1,38.5
node_01,2026-04-27T17:28:56,0.0,0.0,0.0,123.0,151.0,175.0,29.1,38.3
node_01,2026-04-27T17:30:03,0.0,0.0,0.0,123.0,151.0,175.0,29.0,38.2
node_01,2026-04-27T17:31:03,0.0,0.0,0.0,123.0,151.0,175.0,29.0,38.2
node_01,2026-04-27T17:32:04,0.0,0.0,0.0,123.0,151.0,175.0,29.0,37.9
node_01,2026-04-27T17:33:06,0.0,0.0,0.0,123.0,151.0,175.0,29.0,38.1
node_01,2026-04-27T17:34:08,3.0,0.7,0.4,123.0,151.0,175.0,29.0,38.1
node_01,2026-04-27T17:35:09,0.0,0.0,0.0,123.0,151.0,175.0,29.0,38.0
node_01,2026-04-27T17:36:11,0.0,0.0,0.0,123.0,151.0,175.0,29.0,47.0
node_01,2026-04-27T17:37:13,0.0,0.0,0.0,123.0,151.0,175.0,29.1,48.6
node_01,2026-04-27T17:38:13,22.0,2.7,2.5,123.0,151.0,175.0,29.3,50.0
node_01,2026-04-27T17:39:19,30.0,3.2,3.1,123.0,151.0,175.0,29.5,51.9
node_01,2026-04-27T17:40:24,37.0,3.1,3.4,123.0,151.0,175.0,29.8,51.3
node_01,2026-04-27T17:41:24,35.0,3.8,3.6,123.0,151.0,175.0,30.0,50.8
node_01,2026-04-27T17:42:31,22.0,2.2,2.2,123.0,151.0,175.0,30.3,50.2
node_01,2026-04-27T17:43:31,17.0,1.7,1.7,123.0,151.0,175.0,30.5,50.1
node_01,2026-04-27T17:44:37,14.0,1.6,1.5,123.0,151.0,175.0,30.7,49.8
node_01,2026-04-27T17:45:39,7.0,0.7,0.7,123.0,151.0,175.0,30.9,49.6
node_01,2026-04-27T17:46:42,4.0,0.4,0.4,123.0,151.0,175.0,31.2,49.7
node_01,2026-04-27T17:47:42,8.0,0.8,0.8,123.0,151.0,175.0,31.4,49.5
node_01,2026-04-27T17:48:45,5.0,0.5,0.5,123.0,151.0,175.0,31.5,48.7
node_01,2026-04-27T17:49:45,3.0,0.3,0.3,123.0,151.0,175.0,31.7,47.8
node_01,2026-04-27T17:50:46,3.0,0.3,0.3,123.0,151.0,175.0,31.8,47.7
node_01,2026-04-27T17:51:51,2.0,0.2,0.2,123.0,151.0,175.0,32.0,47.0
node_01,2026-04-27T17:52:53,1.0,0.1,0.1,123.0,151.0,175.0,32.2,46.7
node_01,2026-04-27T17:53:54,1.0,0.1,0.1,123.0,151.0,175.0,32.3,46.6
node_01,2026-04-27T17:55:00,1.0,0.1,0.1,123.0,151.0,175.0,32.4,46.4
node_01,2026-04-27T17:01:11,2.0,0.2,0.2,12.0,15.0,17.0,26.8,41.2
node_01,2026-04-27T17:02:13,2.0,0.2,0.2,12.0,15.0,17.0,27.4,40.2
node_01,2026-04-27T17:03:13,1.0,0.2,0.2,13.0,17.0,19.0,27.6,39.6
node_01,2026-04-27T17:01:10,0.0,0.0,0.0,8.0,11.0,13.0,31.6,44.5
node_01,2026-04-27T17:02:12,0.0,0.0,0.0,8.0,11.0,12.0,31.6,44.1
node_01,2026-04-27T17:03:18,0.0,0.0,0.0,4.0,6.0,6.0,31.6,43.7
node_01,2026-04-27T17:01:45,0.0,0.0,0.0,7.0,9.0,10.0,30.5,49.2
node_01,2026-04-27T17:02:46,0.0,0.0,0.0,7.0,9.0,10.0,30.8,48.5
node_01,2026-04-27T17:03:53,0.0,0.0,0.0,7.0,9.0,10.0,30.8,48.3
node_01,2026-04-27T17:01:09,0.0,0.0,0.0,6.0,8.0,9.0,29.9,51.8
node_01,2026-04-27T17:01:55,0.0,0.0,0.0,13.0,17.0,19.0,25.4,39.7
node_01,2026-05-08T12:57:00,0.0,0.0,0.0,12.0,15.0,17.0,25.5,40.7
node_01,2026-05-08T12:58:01,0.0,0.0,0.0,12.0,15.0,17.0,25.5,40.8
node_01,2026-05-08T12:59:01,0.0,0.0,0.0,12.0,15.0,17.0,25.5,40.9
node_01,2026-05-08T13:00:02,0.0,0.0,0.0,12.0,15.0,17.0,25.4,40.9
node_01,2026-05-08T13:01:03,0.0,0.0,0.0,12.0,15.0,17.0,25.5,40.7
node_01,2026-05-08T13:02:03,0.0,0.0,0.0,12.0,15.0,17.0,25.5,40.6
node_01,2026-05-08T13:03:09,0.0,0.0,0.0,12.0,15.0,17.0,25.5,40.4
node_01,2026-05-08T13:04:10,0.0,0.0,0.0,12.0,15.0,17.0,25.5,40.3
node_01,2026-05-08T13:05:10,0.0,0.0,0.0,12.0,15.0,17.0,25.5,40.3
node_01,2026-05-08T13:06:17,0.0,0.0,0.0,12.0,15.0,17.0,25.5,40.3
node_01,2026-05-08T13:07:18,0.0,0.0,0.0,12.0,15.0,17.0,25.5,40.4
node_01,2026-05-08T13:08:24,0.0,0.0,0.0,12.0,15.0,17.0,25.6,40.4
node_01,2026-05-08T13:09:30,0.0,0.0,0.0,12.0,15.0,17.0,25.6,40.4
node_01,2026-05-08T13:10:32,0.0,0.0,0.0,12.0,15.0,17.0,25.6,40.4
node_01,2026-05-08T13:11:32,0.0,0.0,0.0,12.0,15.0,17.0,25.6,40.4
node_01,2026-05-08T13:12:32,0.0,0.0,0.0,12.0,15.0,17.0,25.6,40.4
node_01,2026-05-08T13:13:33,0.0,0.0,0.0,12.0,15.0,17.0,25.6,40.4
node_01,2026-05-08T13:14:39,0.0,0.0,0.0,12.0,15.0,17.0,25.6,40.5
node_01,2026-05-08T13:15:46,0.0,0.0,0.0,12.0,15.0,17.0,25.6,40.6
node_01,2026-05-11T14:39:56,0.0,0.0,0.0,13.0,16.0,18.0,30.5,50.4
node_01,2026-05-11T14:40:05,0.0,0.0,0.0,13.0,16.0,18.0,30.5,50.4
node_01,2026-05-11T14:40:12,0.0,0.0,0.0,13.0,17.0,19.0,30.5,50.4
node_01,2026-05-11T14:40:20,0.0,0.0,0.0,13.0,16.0,18.0,30.5,50.3
node_01,2026-05-11T14:40:27,0.0,0.0,0.0,13.0,16.0,18.0,30.5,50.3
node_01,2026-05-11T14:40:35,0.0,0.0,0.0,13.0,17.0,19.0,30.5,50.2
node_01,2026-05-11T14:40:42,0.0,0.0,0.0,13.0,17.0,19.0,30.5,50.2
node_01,2026-05-11T14:40:49,0.0,0.0,0.0,13.0,17.0,19.0,30.5,50.1
node_01,2026-05-11T14:40:57,0.0,0.0,0.0,13.0,17.0,19.0,30.5,50.2
node_01,2026-05-11T14:39:54,0.0,0.0,0.0,15.0,19.0,21.0,30.0,52.4
node_01,2026-05-11T14:40:03,0.0,0.0,0.0,15.0,19.0,21.0,30.1,52.1
node_01,2026-05-11T14:40:11,0.0,0.0,0.0,15.0,19.0,21.0,30.2,52.0
node_01,2026-05-11T14:40:19,0.0,0.0,0.0,15.0,19.0,21.0,30.2,51.8
node_01,2026-05-11T14:40:27,0.0,0.0,0.0,15.0,19.0,21.0,30.3,51.7
node_01,2026-05-11T14:40:34,0.0,0.0,0.0,15.0,19.0,21.0,30.3,51.6
node_01,2026-05-11T14:40:42,0.0,0.0,0.0,15.0,19.0,21.0,30.3,51.5
node_01,2026-05-11T14:40:56,0.0,0.0,0.0,15.0,19.0,21.0,30.4,51.4
node_01,2026-05-11T14:41:41,17.0,2.9,2.2,15.0,19.0,21.0,30.6,51.0
node_01,2026-05-11T14:39:55,1.0,0.0,0.0,10.0,13.0,15.0,30.3,50.6
node_01,2026-05-11T14:40:04,0.0,0.0,0.0,10.0,13.0,15.0,30.3,50.2
node_01,2026-05-11T14:40:14,0.0,0.0,0.0,11.0,14.0,16.0,30.4,49.7
node_01,2026-05-11T14:40:21,0.0,0.0,0.0,11.0,14.0,15.0,30.5,49.4
node_01,2026-05-11T14:40:29,0.0,0.0,0.0,11.0,14.0,15.0,30.5,49.3
node_01,2026-05-11T14:40:37,0.0,0.0,0.0,11.0,14.0,15.0,30.6,49.1
node_01,2026-05-11T14:40:44,0.0,0.0,0.0,11.0,14.0,15.0,30.6,48.9
node_01,2026-05-11T14:40:52,0.0,0.0,0.0,11.0,14.0,15.0,30.7,48.8
node_01,2026-05-11T14:40:59,0.0,0.0,0.0,11.0,14.0,15.0,30.7,48.7
node_01,2026-05-11T14:41:07,0.0,0.0,0.0,11.0,14.0,15.0,30.7,48.6
node_01,2026-05-11T14:41:14,0.0,0.1,0.0,11.0,14.0,15.0,30.7,48.5
node_01,2026-05-11T14:41:21,0.0,0.0,0.0,11.0,14.0,15.0,30.8,48.4
node_01,2026-05-11T14:41:29,0.0,0.0,0.0,11.0,14.0,15.0,30.8,48.3
node_01,2026-05-11T14:41:36,1.0,0.0,0.0,11.0,14.0,15.0,30.8,48.1
node_01,2026-05-11T14:41:44,0.0,0.0,0.0,11.0,14.0,15.0,30.8,48.1
node_01,2026-05-11T14:41:51,0.0,0.0,0.0,11.0,14.0,15.0,30.8,48.0
node_01,2026-05-11T14:41:59,0.0,0.0,0.0,11.0,14.0,15.0,30.8,47.9
node_01,2026-05-11T14:42:06,0.0,0.0,0.0,11.0,14.0,15.0,30.9,47.9
node_01,2026-05-11T14:42:14,0.0,0.1,0.0,11.0,14.0,15.0,30.9,47.8
node_01,2026-05-11T14:42:21,0.0,0.0,0.0,11.0,14.0,15.0,30.9,47.8
node_01,2026-05-11T14:42:29,0.0,0.0,0.0,11.0,14.0,15.0,30.9,47.7
node_01,2026-05-11T14:42:36,0.0,0.0,0.0,11.0,14.0,15.0,30.9,47.7
node_01,2026-05-11T14:42:44,0.0,0.0,0.0,11.0,14.0,15.0,30.9,47.6
node_01,2026-05-11T14:42:51,0.0,0.0,0.0,11.0,14.0,15.0,30.9,47.5
node_01,2026-05-11T14:42:59,0.0,0.0,0.0,11.0,14.0,15.0,30.9,47.4
node_01,2026-05-11T14:43:08,0.0,0.0,0.0,11.0,14.0,15.0,30.9,47.3
node_01,2026-05-11T14:43:15,0.0,0.1,0.0,11.0,14.0,15.0,31.0,47.3
node_01,2026-05-11T14:43:23,0.0,0.0,0.0,11.0,14.0,15.0,31.0,47.2
node_01,2026-05-11T14:43:30,0.0,0.0,0.0,11.0,14.0,15.0,31.0,47.1
node_01,2026-05-11T14:43:38,0.0,0.0,0.0,11.0,14.0,15.0,31.0,47.0
node_01,2026-05-11T14:43:45,0.0,0.0,0.0,11.0,14.0,15.0,31.0,47.0
node_01,2026-05-11T14:43:53,0.0,0.0,0.0,11.0,14.0,15.0,31.0,47.0
node_01,2026-05-11T14:44:01,0.0,0.0,0.0,11.0,14.0,15.0,31.0,46.9
node_01,2026-05-11T14:44:08,0.0,0.0,0.0,11.0,14.0,15.0,31.0,46.8
node_01,2026-05-11T14:44:16,0.0,0.0,0.0,11.0,14.0,15.0,31.0,46.8
node_01,2026-05-11T14:44:23,0.0,0.0,0.0,11.0,14.0,15.0,31.0,46.7
node_01,2026-05-11T14:44:31,0.0,0.0,0.0,11.0,14.0,15.0,31.0,46.7
node_01,2026-05-11T14:44:39,0.0,0.0,0.0,11.0,14.0,15.0,31.0,46.6
node_01,2026-05-11T14:44:46,0.0,0.1,0.0,11.0,14.0,15.0,31.0,46.5
node_01,2026-05-11T14:44:54,0.0,0.0,0.0,11.0,14.0,15.0,31.0,46.5
node_01,2026-05-11T14:45:02,0.0,0.0,0.0,11.0,14.0,15.0,31.0,46.4
node_01,2026-05-11T14:45:09,0.0,0.0,0.0,11.0,14.0,15.0,31.0,46.4
node_01,2026-05-11T14:45:17,0.0,0.0,0.0,11.0,14.0,15.0,31.1,46.3
node_01,2026-05-11T14:45:24,0.0,0.0,0.0,11.0,14.0,15.0,31.0,46.2
node_01,2026-05-11T14:45:32,0.0,0.0,0.0,11.0,14.0,15.0,31.1,46.1
node_01,2026-05-11T14:45:39,0.0,0.0,0.0,11.0,14.0,15.0,31.0,46.1
node_01,2026-05-11T14:45:47,0.0,0.0,0.0,11.0,14.0,15.0,31.1,46.0
node_01,2026-05-11T14:45:55,0.0,0.0,0.0,11.0,14.0,15.0,31.1,46.1
node_01,2026-05-11T14:46:02,0.0,0.0,0.0,11.0,14.0,15.0,31.1,46.0
node_01,2026-05-11T14:46:11,0.0,0.0,0.0,11.0,14.0,15.0,31.1,45.9
node_01,2026-05-11T14:46:19,0.0,0.0,0.0,11.0,14.0,15.0,31.1,45.8
node_01,2026-05-11T14:46:26,0.0,0.0,0.0,11.0,14.0,15.0,31.1,45.8
node_01,2026-05-11T14:46:34,0.0,0.0,0.0,11.0,14.0,15.0,31.1,45.7
node_01,2026-05-11T14:46:41,0.0,0.0,0.0,11.0,14.0,15.0,31.0,45.7
node_01,2026-05-11T14:46:49,0.0,0.0,0.0,11.0,14.0,15.0,31.1,45.7
node_01,2026-05-11T14:46:57,0.0,0.0,0.0,11.0,14.0,15.0,31.1,45.7
node_01,2026-05-11T14:47:04,0.0,0.0,0.0,11.0,14.0,15.0,31.1,45.7
node_01,2026-05-11T14:47:12,0.0,0.0,0.0,11.0,14.0,15.0,31.1,45.6
node_01,2026-05-11T14:47:20,0.0,0.0,0.0,11.0,14.0,15.0,31.1,45.5
node_01,2026-05-11T14:47:27,0.0,0.0,0.0,11.0,14.0,15.0,31.1,45.5
node_01,2026-05-11T14:47:35,0.0,0.0,0.0,11.0,14.0,15.0,31.1,45.4
node_01,2026-05-11T14:47:43,0.0,0.0,0.0,11.0,14.0,15.0,31.1,45.4
node_01,2026-05-11T14:47:50,0.0,0.0,0.0,11.0,14.0,15.0,31.1,45.3
node_01,2026-05-11T14:47:58,0.0,0.0,0.0,11.0,14.0,15.0,31.1,45.2
node_01,2026-05-11T14:39:54,0.0,0.0,0.0,9.0,12.0,13.0,30.5,47.2
node_01,2026-05-11T16:01:15,0.0,0.0,0.0,13.0,17.0,19.0,30.9,45.8
node_01,2026-05-11T16:01:24,0.0,0.0,0.0,13.0,17.0,19.0,30.9,46.0
node_01,2026-05-11T16:01:32,0.0,0.0,0.0,13.0,17.0,19.0,30.9,46.0
node_01,2026-05-11T16:01:40,0.0,0.0,0.0,13.0,17.0,19.0,30.9,46.0
node_01,2026-05-11T16:01:47,0.0,0.0,0.0,13.0,17.0,19.0,30.9,46.0
node_01,2026-05-11T16:01:55,0.0,0.0,0.0,13.0,17.0,19.0,31.0,46.1
node_01,2026-05-11T16:02:02,0.0,0.0,0.0,13.0,17.0,19.0,31.0,46.2
node_01,2026-05-11T16:02:12,0.0,0.0,0.0,13.0,17.0,19.0,31.0,46.9
node_01,2026-05-11T16:02:22,0.0,0.0,0.0,13.0,17.0,19.0,31.0,47.5
node_01,2026-05-11T16:02:29,0.0,0.0,0.0,13.0,17.0,19.0,31.0,47.2
node_01,2026-05-11T16:02:37,0.0,0.0,0.0,13.0,17.0,19.0,31.0,46.5
node_01,2026-05-11T16:02:45,0.0,0.0,0.0,13.0,17.0,19.0,31.0,46.2
node_01,2026-05-11T16:02:53,0.0,0.0,0.0,13.0,17.0,19.0,31.0,46.1
node_01,2026-05-11T16:03:00,0.0,0.0,0.0,13.0,17.0,19.0,31.0,45.9
node_01,2026-05-11T16:03:08,0.0,0.0,0.0,13.0,17.0,19.0,31.0,45.7
node_01,2026-05-11T16:03:16,0.0,0.0,0.0,13.0,17.0,19.0,31.0,45.7
node_01,2026-05-11T16:01:14,1.0,0.1,0.1,13.0,17.0,19.0,29.7,55.5
node_01,2026-05-11T16:01:24,1.0,0.1,0.1,13.0,17.0,19.0,29.8,55.3
node_01,2026-05-11T16:01:31,1.0,0.1,0.1,13.0,17.0,19.0,29.9,55.1
node_01,2026-05-11T16:01:39,0.0,0.1,0.1,13.0,17.0,19.0,29.9,55.0
node_01,2026-05-11T16:01:50,1.0,0.1,0.1,13.0,17.0,19.0,30.0,54.8
node_01,2026-05-11T16:01:58,1.0,0.1,0.1,13.0,17.0,19.0,30.0,54.6
node_01,2026-05-11T16:02:17,1.0,0.1,0.1,13.0,17.0,19.0,30.1,54.8
node_01,2026-05-11T16:02:25,1.0,0.1,0.0,13.0,17.0,19.0,30.1,54.8
node_01,2026-05-11T16:02:32,1.0,0.1,0.0,13.0,17.0,19.0,30.1,54.7
node_01,2026-05-11T16:02:41,1.0,0.1,0.1,13.0,17.0,19.0,30.2,54.6
node_01,2026-05-11T16:02:48,1.0,0.1,0.1,13.0,17.0,19.0,30.2,54.5
node_01,2026-05-11T16:02:55,1.0,0.1,0.0,13.0,17.0,19.0,30.2,54.4
node_01,2026-05-11T16:03:03,1.0,0.1,0.1,13.0,17.0,19.0,30.2,54.2
node_01,2026-05-11T16:03:10,1.0,0.1,0.1,13.0,17.0,19.0,30.2,54.1
node_01,2026-05-11T16:01:17,1.0,0.1,0.1,10.0,13.0,14.0,30.2,56.0
node_01,2026-05-11T16:01:27,1.0,0.1,0.0,11.0,14.0,15.0,30.2,55.8
node_01,2026-05-11T16:01:35,1.0,0.0,0.0,11.0,14.0,15.0,30.3,55.6
node_01,2026-05-11T16:01:42,0.0,0.1,0.0,11.0,14.0,15.0,30.3,55.5
node_01,2026-05-11T16:01:50,1.0,0.1,0.0,11.0,14.0,15.0,30.3,55.5
node_01,2026-05-11T16:01:58,0.0,0.0,0.0,12.0,15.0,17.0,30.4,55.5
node_01,2026-05-11T16:02:05,0.0,0.1,0.1,12.0,15.0,17.0,30.4,55.5
node_01,2026-05-11T16:02:15,0.0,0.0,0.0,12.0,15.0,17.0,30.4,55.5
node_01,2026-05-11T16:02:23,0.0,0.1,0.0,12.0,15.0,17.0,30.5,55.7
node_01,2026-05-11T16:02:30,1.0,0.0,0.0,12.0,15.0,17.0,30.5,56.0
node_01,2026-05-11T16:02:38,0.0,0.0,0.0,12.0,15.0,17.0,30.5,56.0
node_01,2026-05-11T16:02:46,1.0,0.0,0.1,12.0,15.0,17.0,30.5,56.0
node_01,2026-05-11T16:02:53,0.0,0.1,0.1,12.0,15.0,17.0,30.5,56.0
node_01,2026-05-11T16:03:01,0.0,0.0,0.1,12.0,15.0,17.0,30.5,56.2
node_01,2026-05-11T16:03:18,1.0,0.0,0.1,12.0,15.0,17.0,30.6,56.5
node_01,2026-05-11T16:03:25,0.0,0.0,0.1,12.0,15.0,17.0,30.6,56.5
node_01,2026-05-11T16:01:16,0.0,0.0,0.1,14.0,18.0,20.0,30.6,56.5
node_01,2026-05-11T16:01:25,0.0,0.1,0.0,14.0,18.0,20.0,30.6,56.4
node_01,2026-05-11T16:01:32,1.0,0.0,0.0,14.0,18.0,20.0,30.6,56.4
node_01,2026-05-11T16:01:40,0.0,0.1,0.1,14.0,18.0,20.0,30.6,56.8
node_01,2026-05-11T16:01:47,1.0,0.0,0.0,14.0,18.0,20.0,30.6,56.9
node_01,2026-05-11T16:01:55,1.0,0.0,0.0,14.0,18.0,20.0,30.6,56.8
node_01,2026-05-11T16:02:02,1.0,0.1,0.1,14.0,18.0,20.0,30.6,57.2
node_01,2026-05-11T16:02:10,0.0,0.1,0.0,14.0,18.0,20.0,30.6,57.2
node_01,2026-05-11T16:02:17,0.0,0.0,0.0,14.0,18.0,20.0,30.7,57.6
node_01,2026-05-11T16:02:25,0.0,0.0,0.0,14.0,18.0,20.0,30.7,58.0
node_01,2026-05-11T16:02:32,0.0,0.0,0.1,14.0,18.0,20.0,30.7,58.2
node_01,2026-05-11T16:02:40,1.0,0.0,0.0,14.0,18.0,20.0,30.7,58.3
node_01,2026-05-11T16:02:47,1.0,0.0,0.1,14.0,18.0,20.0,30.7,58.3
node_01,2026-05-11T16:02:57,0.0,0.0,0.0,14.0,18.0,20.0,30.7,58.1
node_01,2026-05-11T16:03:04,1.0,0.0,0.0,14.0,18.0,20.0,30.7,57.8
node_01,2026-05-11T16:03:12,0.0,0.0,0.0,14.0,18.0,20.0,30.7,57.6
node_01,2026-05-11T16:01:19,0.0,0.0,0.0,12.0,15.0,17.0,30.6,59.0
node_01,2026-05-11T16:01:28,1.0,0.0,0.0,12.0,15.0,17.0,30.6,58.6
node_01,2026-05-11T16:01:36,1.0,0.0,0.0,12.0,15.0,17.0,30.6,58.4
node_01,2026-05-11T16:01:44,0.0,0.1,0.0,12.0,15.0,17.0,30.6,58.3
node_01,2026-05-11T16:01:51,0.0,0.0,0.1,12.0,15.0,17.0,30.6,58.4
node_01,2026-05-11T16:01:59,0.0,0.0,0.0,13.0,16.0,18.0,30.7,58.4
node_01,2026-05-11T16:02:06,0.0,0.1,0.0,12.0,15.0,17.0,30.7,58.4
node_01,2026-05-11T16:02:14,0.0,0.0,0.0,13.0,16.0,18.0,30.7,58.3
node_01,2026-05-11T16:02:21,0.0,0.0,0.0,13.0,16.0,18.0,30.7,58.2
node_01,2026-05-11T16:02:29,0.0,0.1,0.0,13.0,16.0,18.0,30.7,58.2
node_01,2026-05-11T16:02:36,0.0,0.0,0.0,13.0,16.0,18.0,30.8,58.3
node_01,2026-05-11T16:02:44,0.0,0.0,0.1,13.0,16.0,18.0,30.7,58.4
node_01,2026-05-11T16:02:51,1.0,0.0,0.0,13.0,16.0,18.0,30.8,58.5
node_01,2026-05-11T16:02:59,0.0,0.1,0.0,13.0,16.0,18.0,30.8,58.5
node_01,2026-05-11T16:03:07,0.0,0.0,0.0,13.0,16.0,18.0,30.8,58.5
node_01,2026-05-13T11:43:10,0.0,0.0,0.0,13.0,16.0,18.0,30.9,58.8
node_01,2026-05-13T11:43:13,0.0,0.0,0.1,13.0,17.0,19.0,30.9,58.5
node_01,2026-05-13T11:43:22,0.0,0.0,0.0,13.0,17.0,19.0,30.9,58.5
node_01,2026-05-13T11:43:30,1.0,0.0,0.0,13.0,17.0,19.0,30.9,58.4
node_01,2026-05-13T11:43:38,1.0,0.0,0.1,13.0,17.0,19.0,30.9,58.3
node_01,2026-05-13T11:43:45,1.0,0.0,0.0,13.0,17.0,19.0,30.9,58.3
node_01,2026-05-13T11:43:53,1.0,0.0,0.0,13.0,17.0,19.0,30.9,58.3
node_01,2026-05-13T11:44:00,0.0,0.0,0.1,13.0,17.0,19.0,30.9,58.2
node_01,2026-05-13T11:44:08,0.0,0.1,0.0,13.0,17.0,19.0,30.9,58.1
node_01,2026-05-13T11:44:16,0.0,0.0,0.0,13.0,17.0,19.0,30.9,57.9
node_01,2026-05-13T11:44:23,0.0,0.0,0.0,13.0,17.0,19.0,30.9,57.8
node_01,2026-05-13T11:44:31,0.0,0.0,0.1,13.0,17.0,19.0,31.0,57.6
node_01,2026-05-13T11:45:10,0.0,0.0,0.0,13.0,17.0,19.0,31.0,57.3
node_01,2026-05-13T11:45:17,1.0,0.1,0.0,13.0,17.0,19.0,31.0,57.2
node_01,2026-05-13T11:45:31,0.0,0.1,0.0,13.0,17.0,19.0,31.0,56.8
node_01,2026-05-13T11:45:39,0.0,0.1,0.0,13.0,17.0,19.0,31.0,56.7
node_01,2026-05-13T11:45:47,0.0,0.0,0.0,13.0,17.0,19.0,31.0,56.5
node_01,2026-05-13T11:45:54,1.0,0.0,0.0,13.0,17.0,19.0,31.0,56.4
node_01,2026-05-13T11:43:08,0.0,0.0,0.0,13.0,17.0,19.0,30.3,58.6
node_01,2026-05-13T11:43:17,0.0,0.0,0.0,13.0,17.0,19.0,30.4,57.6
node_01,2026-05-13T11:43:25,0.0,0.0,0.0,13.0,17.0,19.0,30.5,57.0
node_01,2026-05-13T11:43:32,0.0,0.0,0.0,13.0,17.0,19.0,30.5,56.5
node_01,2026-05-13T11:43:40,0.0,0.1,0.0,13.0,17.0,19.0,30.6,56.2
node_01,2026-05-13T11:43:48,0.0,0.0,0.0,13.0,17.0,19.0,30.6,55.9
node_01,2026-05-13T11:43:55,0.0,0.0,0.0,13.0,17.0,19.0,30.7,55.6
node_01,2026-05-13T11:44:03,0.0,0.0,0.0,13.0,17.0,19.0,30.7,55.3
node_01,2026-05-13T11:44:10,0.0,0.1,0.1,13.0,17.0,19.0,30.7,55.0
node_01,2026-05-13T11:44:18,0.0,0.0,0.0,14.0,18.0,20.0,30.7,54.8
node_01,2026-05-13T11:44:25,0.0,0.1,0.0,14.0,18.0,20.0,30.7,54.6
node_01,2026-05-13T11:44:33,0.0,0.0,0.0,14.0,18.0,20.0,30.8,54.4
node_01,2026-05-13T11:44:40,0.0,0.0,0.0,14.0,18.0,20.0,30.8,54.1
node_01,2026-05-13T11:44:48,0.0,0.0,0.0,14.0,18.0,20.0,30.8,54.1
node_01,2026-05-13T11:44:56,0.0,0.0,0.0,14.0,18.0,20.0,30.8,53.9
node_01,2026-05-13T11:45:03,0.0,0.0,0.0,14.0,18.0,20.0,30.8,53.8
node_01,2026-05-13T11:45:11,1.0,0.1,0.2,14.0,18.0,20.0,30.9,53.7
node_01,2026-05-13T11:45:18,0.0,0.0,0.0,14.0,18.0,20.0,30.9,53.6
node_01,2026-05-13T11:45:26,0.0,0.0,0.0,14.0,18.0,20.0,30.9,53.5
node_01,2026-05-13T11:45:33,58.0,3.5,11.7,14.0,18.0,20.0,30.9,53.3
node_01,2026-05-13T11:45:41,19.0,2.7,2.5,14.0,18.0,20.0,30.9,53.2
node_01,2026-05-13T11:45:49,12.0,1.2,1.0,14.0,18.0,20.0,30.9,53.1
node_01,2026-05-13T11:45:56,7.0,0.9,0.9,14.0,18.0,20.0,30.9,52.9
node_01,2026-05-13T11:46:04,5.0,0.6,0.5,14.0,18.0,20.0,30.9,52.8
node_01,2026-05-13T11:46:12,4.0,0.5,0.5,14.0,18.0,20.0,31.0,52.7
node_01,2026-05-13T11:46:21,4.0,0.4,0.4,14.0,18.0,20.0,31.0,52.5
node_01,2026-05-13T11:46:28,3.0,0.4,0.4,14.0,18.0,20.0,31.0,52.3
node_01,2026-05-13T11:46:36,3.0,0.3,0.3,14.0,18.0,20.0,31.0,52.2
node_01,2026-05-13T11:46:43,2.0,0.2,0.3,14.0,18.0,20.0,31.0,52.1
node_01,2026-05-13T11:46:51,2.0,0.2,0.2,14.0,18.0,20.0,31.0,52.0
node_01,2026-05-13T11:46:58,2.0,0.2,0.3,14.0,18.0,20.0,31.0,51.9
node_01,2026-05-13T11:47:09,2.0,0.2,0.2,14.0,18.0,20.0,31.0,51.7
node_01,2026-05-13T11:47:17,2.0,0.2,0.2,14.0,18.0,20.0,31.0,51.6
node_01,2026-05-13T11:47:24,2.0,0.1,0.2,14.0,18.0,20.0,31.1,51.5
node_01,2026-05-13T11:47:32,2.0,0.2,0.2,14.0,18.0,20.0,31.1,51.4
node_01,2026-05-13T11:47:40,1.0,0.2,0.1,14.0,18.0,20.0,31.1,51.3
node_01,2026-05-13T11:47:47,0.0,0.1,0.0,14.0,18.0,20.0,31.1,51.2
node_01,2026-05-13T11:47:54,0.0,0.0,0.0,14.0,18.0,20.0,31.1,51.0
node_01,2026-05-13T11:48:02,0.0,0.0,0.0,14.0,18.0,20.0,31.1,51.0
node_01,2026-05-13T11:48:09,0.0,0.0,0.0,14.0,18.0,20.0,31.1,51.0
node_01,2026-05-13T11:48:17,0.0,0.0,0.0,14.0,18.0,20.0,31.1,50.9
node_01,2026-05-13T11:48:25,0.0,0.0,0.0,14.0,18.0,20.0,31.1,50.8
node_01,2026-05-13T11:48:32,0.0,0.0,0.0,14.0,18.0,20.0,31.1,50.7
node_01,2026-05-13T11:48:40,0.0,0.0,0.0,14.0,18.0,20.0,31.1,50.6
node_01,2026-05-13T11:48:48,0.0,0.0,0.0,14.0,18.0,20.0,31.1,50.6
node_01,2026-05-13T11:48:55,0.0,0.0,0.0,14.0,18.0,20.0,31.1,50.5
node_01,2026-05-13T11:49:05,0.0,0.0,0.0,14.0,18.0,20.0,31.1,50.5
node_01,2026-05-13T11:49:13,0.0,0.0,0.0,14.0,18.0,20.0,31.2,50.4
node_01,2026-05-13T11:49:26,0.0,0.0,0.0,14.0,18.0,20.0,31.2,50.4
node_01,2026-05-13T11:49:34,0.0,0.0,0.0,14.0,18.0,20.0,31.2,50.3
node_01,2026-05-13T11:49:42,0.0,0.0,0.0,14.0,18.0,20.0,31.2,50.1
node_01,2026-05-13T11:49:50,0.0,0.0,0.0,14.0,18.0,20.0,31.2,50.1
node_01,2026-05-13T11:49:57,0.0,0.0,0.0,14.0,18.0,20.0,31.2,50.1
node_01,2026-05-13T11:50:05,0.0,0.0,0.0,14.0,18.0,20.0,31.2,50.0
node_01,2026-05-13T11:50:13,0.0,0.0,0.0,14.0,18.0,20.0,31.2,50.0
node_01,2026-05-13T11:50:23,0.0,0.0,0.0,14.0,18.0,20.0,31.2,49.9
node_01,2026-05-13T11:50:31,0.0,0.0,0.0,14.0,18.0,20.0,31.2,49.9
node_01,2026-05-13T11:50:38,0.0,0.0,0.0,14.0,18.0,20.0,31.2,50.0
node_01,2026-05-13T11:50:46,0.0,0.0,0.0,14.0,18.0,20.0,31.2,50.0
node_01,2026-05-13T11:50:54,0.0,0.0,0.0,14.0,18.0,20.0,31.2,50.0
node_01,2026-05-13T11:51:01,0.0,0.0,0.0,14.0,18.0,20.0,31.2,50.1
node_01,2026-05-13T11:51:09,0.0,0.0,0.0,14.0,18.0,20.0,31.2,50.1
node_01,2026-05-13T11:51:16,0.0,0.0,0.0,14.0,18.0,20.0,31.2,50.1
node_01,2026-05-13T11:51:24,0.0,0.0,0.0,14.0,18.0,20.0,31.2,50.1
node_01,2026-05-13T11:51:31,0.0,0.0,0.0,14.0,18.0,20.0,31.2,50.1
node_01,2026-05-13T11:51:39,0.0,0.0,0.0,14.0,18.0,20.0,31.2,50.2
node_01,2026-05-13T11:51:46,0.0,0.0,0.0,14.0,18.0,20.0,31.2,50.3
node_01,2026-05-13T11:51:54,0.0,0.0,0.0,14.0,18.0,20.0,31.2,50.3
node_01,2026-05-13T11:52:02,0.0,0.0,0.0,14.0,18.0,20.0,31.3,50.3
node_01,2026-05-13T11:52:09,0.0,0.0,0.0,14.0,18.0,20.0,31.3,50.3
node_01,2026-05-13T11:52:17,0.0,0.0,0.0,14.0,18.0,20.0,31.2,50.4
node_01,2026-05-13T11:52:25,0.0,0.0,0.0,14.0,18.0,20.0,31.3,50.4
node_01,2026-05-13T11:52:33,0.0,0.0,0.0,14.0,18.0,20.0,31.3,50.4
node_01,2026-05-13T11:52:40,0.0,0.0,0.0,14.0,18.0,20.0,31.3,50.5
node_01,2026-05-13T11:52:48,0.0,0.0,0.0,14.0,18.0,20.0,31.3,50.5
node_01,2026-05-13T11:52:55,0.0,0.0,0.0,14.0,18.0,20.0,31.3,50.6
node_01,2026-05-13T11:53:03,0.0,0.0,0.0,14.0,18.0,20.0,31.3,50.6
node_01,2026-05-13T11:53:10,0.0,0.0,0.0,14.0,18.0,20.0,31.3,50.7
node_01,2026-05-13T11:53:18,0.0,0.0,0.0,14.0,18.0,20.0,31.3,50.7
node_01,2026-05-13T11:53:26,0.0,0.0,0.0,14.0,18.0,20.0,31.3,50.7
node_01,2026-05-13T11:53:34,0.0,0.0,0.0,14.0,18.0,20.0,31.3,50.7
node_01,2026-05-13T11:53:41,0.0,0.0,0.0,14.0,18.0,20.0,31.3,50.8
node_01,2026-05-13T11:53:49,0.0,0.0,0.0,14.0,18.0,20.0,31.3,50.8
node_01,2026-05-13T11:53:56,0.0,0.0,0.0,14.0,18.0,20.0,31.3,50.8
node_01,2026-05-13T11:54:04,0.0,0.0,0.0,14.0,18.0,20.0,31.3,50.9
node_01,2026-05-13T11:54:12,0.0,0.0,0.0,14.0,18.0,20.0,31.3,51.4
node_01,2026-05-13T11:54:19,0.0,0.0,0.0,14.0,18.0,20.0,31.4,54.1
node_01,2026-05-13T11:54:27,0.0,0.0,0.0,14.0,18.0,20.0,31.4,54.4
node_01,2026-05-13T11:54:34,0.0,0.0,0.0,14.0,18.0,20.0,31.4,54.1
node_01,2026-05-13T11:54:42,0.0,0.0,0.0,14.0,18.0,20.0,31.4,54.0
node_01,2026-05-13T11:54:49,0.0,0.0,0.0,14.0,18.0,20.0,31.4,54.2
node_01,2026-05-13T11:54:57,0.0,0.0,0.0,14.0,18.0,20.0,31.4,54.5
node_01,2026-05-13T11:55:04,0.0,0.0,0.0,14.0,18.0,20.0,31.4,54.5
node_01,2026-05-13T11:55:12,0.0,0.0,0.0,14.0,18.0,20.0,31.4,54.2
node_01,2026-05-13T11:55:19,1.0,0.1,0.1,14.0,18.0,20.0,31.4,53.7
node_01,2026-05-13T11:55:28,3.0,0.0,0.1,14.0,18.0,20.0,31.4,53.4
node_01,2026-05-13T11:55:36,2.0,0.0,0.1,14.0,18.0,20.0,31.4,53.3
node_01,2026-05-13T11:55:44,3.0,0.2,0.3,14.0,18.0,20.0,31.5,53.5
node_01,2026-05-13T11:55:51,3.0,0.3,0.3,14.0,18.0,20.0,31.5,53.7
node_01,2026-05-13T11:55:59,6.0,0.3,1.1,14.0,18.0,20.0,31.5,53.8
node_01,2026-05-13T11:56:08,15.0,4.5,2.6,14.0,18.0,20.0,31.5,53.8
node_01,2026-05-13T11:56:16,6.0,0.8,0.7,14.0,18.0,20.0,31.5,53.8
node_01,2026-05-13T11:56:24,4.0,0.3,0.3,14.0,18.0,20.0,31.5,53.9
node_01,2026-05-13T11:56:32,5.0,0.4,0.4,14.0,18.0,20.0,31.6,54.4
node_01,2026-05-13T11:56:54,2.0,0.2,0.2,14.0,18.0,20.0,31.6,55.1
node_01,2026-05-13T11:57:02,1.0,0.2,0.1,14.0,18.0,20.0,31.6,55.0
node_01,2026-05-13T11:57:10,1.0,0.1,0.1,14.0,18.0,20.0,31.6,55.0
node_01,2026-05-13T11:57:17,1.0,0.1,0.1,14.0,18.0,20.0,31.6,55.0
node_01,2026-05-13T11:57:24,1.0,0.1,0.1,14.0,18.0,20.0,31.6,54.9
node_01,2026-05-13T11:57:43,1.0,0.1,0.0,14.0,18.0,20.0,31.7,55.0
node_01,2026-05-13T11:57:51,1.0,0.0,0.0,14.0,18.0,20.0,31.7,55.0
node_01,2026-05-13T11:57:58,0.0,0.0,0.0,14.0,18.0,20.0,31.7,55.1
node_01,2026-05-13T11:58:05,0.0,0.0,0.0,14.0,18.0,20.0,31.7,55.2
node_01,2026-05-13T11:58:13,0.0,0.0,0.0,14.0,18.0,20.0,31.7,55.7
node_01,2026-05-13T11:58:20,0.0,0.0,0.0,14.0,18.0,20.0,31.7,55.8
node_01,2026-05-13T11:58:29,0.0,0.0,0.0,14.0,18.0,20.0,31.7,55.8
node_01,2026-05-13T11:58:36,0.0,0.0,0.0,14.0,18.0,20.0,31.7,55.7
node_01,2026-05-13T11:58:43,0.0,0.0,0.0,14.0,18.0,20.0,31.8,55.7
node_01,2026-05-13T11:58:51,0.0,0.0,0.0,14.0,18.0,20.0,31.7,55.7
node_01,2026-05-13T11:58:59,0.0,0.0,0.0,14.0,18.0,20.0,31.8,55.7
node_01,2026-05-13T11:59:06,0.0,0.0,0.0,14.0,18.0,20.0,31.8,55.6
node_01,2026-05-13T11:59:14,0.0,0.0,0.0,14.0,18.0,20.0,31.8,55.6
node_01,2026-05-13T11:59:22,0.0,0.0,0.0,14.0,18.0,20.0,31.8,55.5
node_01,2026-05-13T11:59:29,0.0,0.0,0.0,14.0,18.0,20.0,31.8,55.5
node_01,2026-05-13T11:59:37,0.0,0.0,0.0,14.0,18.0,20.0,31.8,55.5
node_01,2026-05-13T11:59:45,0.0,0.0,0.0,14.0,18.0,20.0,31.8,55.4
node_01,2026-05-13T11:59:52,0.0,0.0,0.0,14.0,18.0,20.0,31.8,55.3
node_01,2026-05-13T12:00:00,0.0,0.0,0.0,14.0,18.0,20.0,31.8,55.2
node_01,2026-05-13T12:00:07,0.0,0.0,0.0,14.0,18.0,20.0,31.8,55.1
node_01,2026-05-13T12:00:15,0.0,0.0,0.0,14.0,18.0,20.0,31.8,55.0
node_01,2026-05-13T12:00:23,0.0,0.0,0.0,14.0,18.0,20.0,31.8,54.9
node_01,2026-05-13T12:00:30,0.0,0.0,0.0,14.0,18.0,20.0,31.9,54.9
node_01,2026-05-13T12:00:38,0.0,0.0,0.0,14.0,18.0,20.0,31.9,54.8
node_01,2026-05-13T12:00:45,0.0,0.0,0.0,14.0,18.0,20.0,31.9,54.7
node_01,2026-05-13T12:00:53,0.0,0.0,0.0,14.0,18.0,20.0,31.9,54.5
node_01,2026-05-13T12:01:00,0.0,0.0,0.0,14.0,18.0,20.0,31.9,54.3
node_01,2026-05-13T12:01:08,0.0,0.0,0.0,14.0,18.0,20.0,31.9,54.0
node_01,2026-05-13T12:01:15,0.0,0.0,0.0,14.0,18.0,20.0,31.9,53.8
node_01,2026-05-13T12:01:23,0.0,0.0,0.0,14.0,18.0,20.0,31.9,53.8
node_01,2026-05-13T12:01:32,0.0,0.0,0.0,14.0,18.0,20.0,31.9,54.0
node_01,2026-05-13T12:01:39,0.0,0.0,0.0,14.0,18.0,20.0,31.9,54.3
node_01,2026-05-13T12:01:47,0.0,0.0,0.0,14.0,18.0,20.0,31.9,54.3
node_01,2026-05-13T12:01:55,0.0,0.0,0.0,14.0,18.0,20.0,31.9,54.2
node_01,2026-05-13T12:02:03,0.0,0.0,0.0,14.0,18.0,20.0,31.9,54.0
node_01,2026-05-13T12:02:11,1.0,0.0,0.1,14.0,18.0,20.0,31.9,53.7
node_01,2026-05-13T12:02:18,0.0,0.0,0.0,14.0,18.0,20.0,31.9,53.6
node_01,2026-05-13T12:02:26,2.0,0.6,0.4,14.0,18.0,20.0,31.9,53.4
node_01,2026-05-13T12:02:33,1.0,0.4,0.2,14.0,18.0,20.0,31.9,53.1
node_01,2026-05-13T12:02:41,1.0,0.2,0.1,14.0,18.0,20.0,31.9,52.9
node_01,2026-05-13T12:02:48,1.0,0.1,0.1,14.0,18.0,20.0,31.9,52.9
node_01,2026-05-13T12:02:56,1.0,0.1,0.1,14.0,18.0,20.0,31.9,52.9
node_01,2026-05-13T12:03:03,1.0,0.3,0.2,14.0,18.0,20.0,31.9,52.9
node_01,2026-05-13T12:03:11,3.0,0.2,0.2,14.0,18.0,20.0,31.9,52.7
node_01,2026-05-13T12:03:19,4.0,0.9,0.6,14.0,18.0,20.0,31.9,52.6
node_01,2026-05-13T12:03:26,2.0,0.2,0.2,14.0,18.0,20.0,31.9,52.7
node_01,2026-05-13T12:03:34,4.0,0.4,0.5,14.0,18.0,20.0,31.9,52.7
node_01,2026-05-13T12:03:41,5.0,0.2,0.2,14.0,18.0,20.0,31.9,52.7
node_01,2026-05-13T12:03:49,7.0,0.6,0.7,14.0,18.0,20.0,31.9,52.7
node_01,2026-05-13T12:03:57,7.0,1.0,0.7,14.0,18.0,20.0,31.9,52.7
node_01,2026-05-13T12:04:05,5.0,0.7,0.6,14.0,18.0,20.0,31.9,52.6
node_01,2026-05-13T12:04:12,3.0,0.4,0.4,14.0,18.0,20.0,31.9,52.5
node_01,2026-05-13T12:04:20,4.0,0.5,0.4,14.0,18.0,20.0,31.9,52.4
node_01,2026-05-13T12:04:28,9.0,1.1,1.0,14.0,18.0,20.0,31.9,52.2
node_01,2026-05-13T12:04:36,6.0,0.8,0.8,14.0,18.0,20.0,31.9,52.0
node_01,2026-05-13T12:04:50,2.0,0.3,0.2,14.0,18.0,20.0,31.9,51.9
node_01,2026-05-13T12:04:57,3.0,0.2,0.2,14.0,18.0,20.0,31.9,51.6
node_01,2026-05-13T12:05:05,2.0,0.3,0.3,14.0,18.0,20.0,31.9,51.3
node_01,2026-05-13T12:05:13,1.0,0.2,0.1,14.0,18.0,20.0,31.9,51.0
node_01,2026-05-13T12:05:21,1.0,0.1,0.1,14.0,18.0,20.0,31.9,50.8
node_01,2026-05-13T12:05:29,1.0,0.1,0.1,14.0,18.0,20.0,31.9,50.6
node_01,2026-05-13T12:05:36,1.0,0.1,0.1,14.0,18.0,20.0,31.9,50.6
node_01,2026-05-13T12:05:44,1.0,0.1,0.1,14.0,18.0,20.0,31.9,50.4
node_01,2026-05-13T12:05:52,1.0,0.1,0.1,14.0,18.0,20.0,31.9,50.3
node_01,2026-05-13T12:05:59,1.0,0.1,0.0,14.0,18.0,20.0,31.9,50.2
node_01,2026-05-13T12:06:07,0.0,0.1,0.1,14.0,18.0,20.0,31.9,50.2
node_01,2026-05-13T12:06:14,0.0,0.0,0.0,14.0,18.0,20.0,31.9,50.0
node_01,2026-05-13T12:06:22,1.0,0.0,0.0,14.0,18.0,20.0,31.9,49.9
node_01,2026-05-13T12:06:29,0.0,0.0,0.0,14.0,18.0,20.0,31.8,49.9
node_01,2026-05-13T12:06:37,0.0,0.0,0.0,14.0,18.0,20.0,31.8,49.8
node_01,2026-05-13T12:06:44,0.0,0.0,0.0,14.0,18.0,20.0,31.8,49.8
node_01,2026-05-13T12:06:52,0.0,0.0,0.0,14.0,18.0,20.0,31.9,49.7
node_01,2026-05-13T12:07:00,0.0,0.1,0.0,14.0,18.0,20.0,31.8,49.6
node_01,2026-05-13T12:07:07,0.0,0.0,0.0,14.0,18.0,20.0,31.8,49.5
node_01,2026-05-13T12:07:15,0.0,0.0,0.0,14.0,18.0,20.0,31.8,49.4
node_01,2026-05-13T12:07:23,0.0,0.0,0.0,14.0,18.0,20.0,31.8,49.3
node_01,2026-05-13T12:07:30,0.0,0.0,0.0,14.0,18.0,20.0,31.8,49.2
node_01,2026-05-13T12:07:39,0.0,0.0,0.0,14.0,18.0,20.0,31.8,49.1
node_01,2026-05-13T12:07:47,0.0,0.0,0.0,14.0,18.0,20.0,31.8,49.0
node_01,2026-05-13T12:07:55,0.0,0.0,0.0,14.0,18.0,20.0,31.8,48.9
node_01,2026-05-13T12:08:03,0.0,0.0,0.0,14.0,18.0,20.0,31.8,48.8
node_01,2026-05-13T12:08:10,0.0,0.0,0.0,14.0,18.0,20.0,31.8,48.7
node_01,2026-05-13T12:08:18,0.0,0.0,0.0,14.0,18.0,20.0,31.8,48.6
node_01,2026-05-13T12:08:25,0.0,0.0,0.0,14.0,18.0,20.0,31.8,48.5
node_01,2026-05-13T12:08:33,0.0,0.0,0.0,14.0,18.0,20.0,31.8,48.4
node_01,2026-05-13T12:08:40,0.0,0.0,0.0,14.0,18.0,20.0,31.8,48.4
node_01,2026-05-13T12:08:48,0.0,0.0,0.0,14.0,18.0,20.0,31.8,48.3
node_01,2026-05-13T12:08:56,0.0,0.0,0.0,14.0,18.0,20.0,31.8,48.3
node_01,2026-05-13T12:09:03,0.0,0.0,0.0,14.0,18.0,20.0,31.8,48.2
node_01,2026-05-13T12:09:11,0.0,0.0,0.0,14.0,18.0,20.0,31.8,48.1
node_01,2026-05-13T12:09:18,0.0,0.0,0.0,14.0,18.0,20.0,31.8,48.0
node_01,2026-05-13T12:09:26,0.0,0.0,0.0,14.0,18.0,20.0,31.8,48.0
node_01,2026-05-13T12:09:33,0.0,0.0,0.0,14.0,18.0,20.0,31.8,47.9
node_01,2026-05-13T12:09:41,0.0,0.0,0.0,14.0,18.0,20.0,31.8,47.9
node_01,2026-05-13T12:09:48,0.0,0.0,0.0,14.0,18.0,20.0,31.8,47.8
node_01,2026-05-13T12:09:56,0.0,0.0,0.0,14.0,18.0,20.0,31.8,47.8
node_01,2026-05-13T12:10:04,0.0,0.0,0.0,14.0,18.0,20.0,31.8,47.7
node_01,2026-05-13T12:10:11,0.0,0.0,0.0,14.0,18.0,20.0,31.7,47.6
node_01,2026-05-13T12:10:19,0.0,0.0,0.0,14.0,18.0,20.0,31.8,47.4
node_01,2026-05-13T12:10:26,0.0,0.0,0.0,14.0,18.0,20.0,31.7,47.3
node_01,2026-05-13T12:10:34,0.0,0.0,0.0,14.0,18.0,20.0,31.8,47.3
node_01,2026-05-13T12:10:42,0.0,0.0,0.0,14.0,18.0,20.0,31.8,47.3
node_01,2026-05-13T12:10:50,0.0,0.0,0.0,14.0,18.0,20.0,31.7,47.2
node_01,2026-05-13T12:10:58,0.0,0.0,0.0,14.0,18.0,20.0,31.8,47.1
node_01,2026-05-13T12:11:05,0.0,0.0,0.0,14.0,18.0,20.0,31.7,47.0
node_01,2026-05-13T12:11:13,0.0,0.0,0.0,14.0,18.0,20.0,31.7,47.0
node_01,2026-05-13T12:11:20,0.0,0.0,0.0,14.0,18.0,20.0,31.7,46.9
node_01,2026-05-13T12:11:28,0.0,0.0,0.0,14.0,18.0,20.0,31.7,46.8
node_01,2026-05-13T12:11:35,0.0,0.0,0.0,14.0,18.0,20.0,31.7,46.8
node_01,2026-05-13T12:11:42,0.0,0.0,0.0,14.0,18.0,20.0,31.7,46.7
node_01,2026-05-13T12:11:50,0.0,0.0,0.0,14.0,18.0,20.0,31.7,46.7
node_01,2026-05-13T12:11:57,0.0,0.0,0.0,14.0,18.0,20.0,31.7,46.6
node_01,2026-05-13T12:12:05,0.0,0.0,0.0,14.0,18.0,20.0,31.7,46.6
node_01,2026-05-13T12:12:13,0.0,0.0,0.0,14.0,18.0,20.0,31.7,46.6
node_01,2026-05-13T12:12:20,0.0,0.0,0.0,14.0,18.0,20.0,31.7,46.5
node_01,2026-05-13T12:12:27,0.0,0.0,0.0,14.0,18.0,20.0,31.7,46.4
node_01,2026-05-13T12:12:35,0.0,0.0,0.0,14.0,18.0,20.0,31.7,46.4
node_01,2026-05-13T12:12:42,0.0,0.0,0.0,14.0,18.0,20.0,31.7,46.4
node_01,2026-05-13T12:12:49,0.0,0.0,0.0,14.0,18.0,20.0,31.7,46.3
node_01,2026-05-13T12:12:57,0.0,0.0,0.0,14.0,18.0,20.0,31.7,46.3
node_01,2026-05-13T12:14:12,0.0,0.0,0.0,14.0,18.0,20.0,31.6,45.9
node_01,2026-05-13T12:14:45,0.0,0.0,0.0,14.0,18.0,20.0,31.6,46.1
node_01,2026-05-13T12:14:52,0.0,0.0,0.0,14.0,18.0,20.0,31.6,46.1
node_01,2026-05-13T12:15:00,0.0,0.0,0.0,14.0,18.0,20.0,31.6,46.2
node_01,2026-05-13T12:15:07,0.0,0.0,0.0,14.0,18.0,20.0,31.6,46.2
node_01,2026-05-13T12:15:15,0.0,0.0,0.0,14.0,18.0,20.0,31.6,46.3
node_01,2026-05-13T12:15:22,0.0,0.0,0.0,14.0,18.0,20.0,31.6,46.3
node_01,2026-05-13T12:15:30,0.0,0.0,0.0,14.0,18.0,20.0,31.6,46.4
node_01,2026-05-13T12:15:37,0.0,0.0,0.0,14.0,18.0,20.0,31.6,46.4
node_01,2026-05-13T12:15:44,0.0,0.0,0.0,14.0,18.0,20.0,31.5,46.5
node_01,2026-05-13T12:15:52,0.0,0.0,0.0,14.0,18.0,20.0,31.6,46.6
node_01,2026-05-13T12:16:04,0.0,0.0,0.0,14.0,18.0,20.0,31.6,46.7
node_01,2026-05-13T12:16:12,0.0,0.0,0.0,14.0,18.0,20.0,31.5,46.8
node_01,2026-05-13T12:16:19,0.0,0.0,0.0,14.0,18.0,20.0,31.5,46.9
node_01,2026-05-13T12:16:27,0.0,0.0,0.0,14.0,18.0,20.0,31.5,47.2
node_01,2026-05-13T12:16:34,0.0,0.0,0.0,14.0,18.0,20.0,31.5,47.4
node_01,2026-05-13T12:16:42,0.0,0.0,0.0,14.0,18.0,20.0,31.5,47.6
node_01,2026-05-13T12:16:50,0.0,0.0,0.0,14.0,18.0,20.0,31.5,47.8
node_01,2026-05-13T12:16:58,0.0,0.0,0.0,14.0,18.0,20.0,31.5,47.9
node_01,2026-05-13T12:17:06,0.0,0.0,0.0,14.0,18.0,20.0,31.5,48.2
node_01,2026-05-13T12:17:13,0.0,0.0,0.0,14.0,18.0,20.0,31.5,48.3
node_01,2026-05-13T12:17:21,0.0,0.0,0.0,14.0,18.0,20.0,31.5,48.6
node_01,2026-05-13T12:17:28,0.0,0.0,0.0,14.0,18.0,20.0,31.5,48.7
node_01,2026-05-13T12:17:36,0.0,0.0,0.0,14.0,18.0,20.0,31.6,48.9
node_01,2026-05-13T12:17:43,0.0,0.0,0.0,14.0,18.0,20.0,31.6,49.1
node_01,2026-05-13T12:17:51,0.0,0.0,0.0,14.0,18.0,20.0,31.5,49.3
node_01,2026-05-13T12:17:59,0.0,0.0,0.0,14.0,18.0,20.0,31.5,49.4
node_01,2026-05-13T12:18:06,0.0,0.0,0.0,14.0,18.0,20.0,31.5,49.7
node_01,2026-05-13T12:18:14,0.0,0.0,0.0,14.0,18.0,20.0,31.5,49.9
node_01,2026-05-13T12:18:21,0.0,0.0,0.0,14.0,18.0,20.0,31.5,50.0
node_01,2026-05-13T12:18:29,0.0,0.0,0.0,14.0,18.0,20.0,31.5,50.2
node_01,2026-05-13T12:18:37,0.0,0.0,0.0,14.0,18.0,20.0,31.5,50.4
node_01,2026-05-13T12:18:44,0.0,0.0,0.0,14.0,18.0,20.0,31.6,50.5
node_01,2026-05-13T12:18:52,0.0,0.0,0.0,14.0,18.0,20.0,31.6,50.6
node_01,2026-05-13T12:18:59,0.0,0.0,0.0,14.0,18.0,20.0,31.6,50.7
node_01,2026-05-13T12:19:06,0.0,0.0,0.0,14.0,18.0,20.0,31.6,50.7
node_01,2026-05-13T12:19:14,0.0,0.0,0.0,14.0,18.0,20.0,31.6,50.8
node_01,2026-05-13T12:19:22,0.0,0.0,0.0,14.0,18.0,20.0,31.6,50.8
node_01,2026-05-13T12:19:29,0.0,0.0,0.0,14.0,18.0,20.0,31.6,50.8
node_01,2026-05-13T12:19:37,0.0,0.0,0.0,14.0,18.0,20.0,31.6,50.8
node_01,2026-05-13T12:19:44,0.0,0.0,0.0,14.0,18.0,20.0,31.6,50.8
node_01,2026-05-13T12:19:53,0.0,0.0,0.0,14.0,18.0,20.0,31.6,50.8
node_01,2026-05-13T12:20:02,0.0,0.0,0.0,14.0,18.0,20.0,31.6,50.8
